index,x,y,z
0,1.000000,2.500000,0.000000
1,1.002933,2.698855,0.016855
2,0.983527,2.889945,0.019335
3,0.907367,3.058303,0.015236
4,0.780926,3.205846,0.014468
5,0.639659,3.347114,0.015182
6,0.498521,3.488251,0.012465
7,0.379327,3.638220,0.014438
8,0.349177,3.797851,0.016747
9,0.402673,3.960236,0.021543
10,0.440820,4.133433,0.042282
11,0.464977,4.307517,0.048853
12,0.520987,4.472077,0.030659
13,0.569977,4.646719,0.016728
14,0.583966,4.839614,0.013320
15,0.611626,5.027872,0.010729
16,0.702287,5.190254,0.006605
17,0.835732,5.334571,0.008375
18,0.976514,5.475354,0.015926
19,1.117398,5.616238,0.020036
20,1.270541,5.728440,0.023820
21,1.450056,5.776452,0.031266
22,1.646358,5.782806,0.038901
23,1.845327,5.782806,0.040729
24,2.035903,5.761489,0.034902
25,2.212195,5.705172,0.026949
26,2.391528,5.656489,0.020351
27,2.577914,5.660607,0.020666
28,2.729918,5.739041,0.023421
29,2.835434,5.880540,0.023317
30,2.920406,6.044879,0.022530
31,3.000848,6.210938,0.020189
32,3.073074,6.380570,0.019140
33,3.104745,6.567145,0.017713
34,3.141154,6.751148,0.006907
35,3.246004,6.905709,-0.002957
36,3.349596,7.060454,0.006298
37,3.364822,7.233390,0.029481
38,3.327888,7.393592,0.069517
39,3.329243,7.534743,0.135387
40,3.346946,7.675992,0.217728
41,3.326047,7.815180,0.304494
42,3.336630,7.943930,0.394584
43,3.411743,8.069359,0.478386
44,3.453461,8.199855,0.531956
45,3.459413,8.327030,0.584862
46,3.496257,8.457252,0.677663
47,3.536500,8.609652,0.774010
48,3.584204,8.766011,0.851997
49,3.655825,8.911287,0.929861
50,3.727446,9.053396,1.014650
51,3.783206,9.202719,1.105622
52,3.803966,9.367325,1.198431
53,3.828351,9.524405,1.300708
54,3.887735,9.668956,1.402959
55,3.961708,9.816170,1.493060
56,4.055409,9.949560,1.591163
57,4.161566,10.060406,1.713967
58,4.263220,10.162060,1.852295
59,4.373829,10.272669,1.953733
60,4.504768,10.403097,1.985212
61,4.655381,10.497749,1.980317
62,4.812683,10.479600,1.971043
63,4.948768,10.378005,2.006366
64,5.026157,10.248225,2.084589
65,5.010641,10.097715,2.148831
66,4.950271,9.940168,2.219309
67,4.923966,9.775679,2.314624
68,4.901296,9.613170,2.416610
69,4.843626,9.463437,2.506314
70,4.827030,9.311639,2.548559
71,4.904456,9.168434,2.573685
72,5.002746,9.034136,2.635772
73,5.049659,8.880672,2.712258
74,5.022305,8.718431,2.780273
75,4.955636,8.573457,2.863233
76,4.917260,8.432533,2.974231
77,4.875553,8.280774,3.071105
78,4.812260,8.121993,3.139342
79,4.767029,7.962398,3.218762
80,4.715092,7.811461,3.313853
81,4.641933,7.666055,3.405497
82,4.568774,7.518419,3.490553
83,4.542523,7.370386,3.571894
84,4.586272,7.220638,3.650161
85,4.625325,7.055804,3.703584
86,4.587170,6.885482,3.713843
87,4.472377,6.741095,3.711843
88,4.312472,6.650597,3.721636
89,4.125640,6.622806,3.728200
90,3.926476,6.622806,3.722977
91,3.737347,6.598940,3.718564
92,3.573045,6.516067,3.723480
93,3.427784,6.386624,3.724836
94,3.286792,6.245632,3.715310
95,3.145705,6.104545,3.706672
96,3.005104,5.963943,3.699480
97,2.865186,5.824025,3.688353
98,2.714774,5.708614,3.685482
99,2.553215,5.617724,3.688662
100,2.386947,5.537603,3.686569
101,2.210861,5.524289,3.684345
102,2.043738,5.602558,3.680554
103,1.887670,5.707861,3.675087
104,1.713492,5.769592,3.671874
105,1.519168,5.782806,3.671100
106,1.331418,5.753751,3.672436
107,1.170320,5.660303,3.670691
108,1.026382,5.525221,3.666743
109,0.884992,5.383831,3.664776
110,0.768454,5.232294,3.666627
111,0.682711,5.068466,3.674112
112,0.613385,4.901236,3.678838
113,0.583966,4.722179,3.672608
114,0.550144,4.543359,3.665553
115,0.438038,4.413975,3.673927
116,0.288576,4.325945,3.708164
117,0.190682,4.203493,3.732677
118,0.186692,4.037436,3.710081
119,0.244417,3.866644,3.684436
120,0.325134,3.701390,3.676756
121,0.439577,3.549570,3.669327
122,0.578526,3.408246,3.661479
123,0.718943,3.267830,3.645615
124,0.859469,3.127303,3.637046
125,1.000089,2.986683,3.641442
126,1.154908,2.880393,3.637158
127,1.338526,2.843597,3.632988
128,1.537315,2.842806,3.640286
129,1.736749,2.842806,3.642089
130,1.925078,2.815978,3.634494
131,2.099074,2.754150,3.631414
132,2.281021,2.710978,3.631486
133,2.477507,2.702806,3.629646
134,2.677416,2.702806,3.629001
135,2.877367,2.702806,3.628349
136,3.074870,2.696936,3.628144
137,3.257640,2.656065,3.633087
138,3.430423,2.591936,3.636896
139,3.616712,2.560460,3.632090
140,3.800859,2.523114,3.629091
141,3.972629,2.455460,3.631922
142,4.158354,2.422806,3.638323
143,4.342632,2.389151,3.641368
144,4.511514,2.320497,3.640345
145,4.693720,2.284151,3.644703
146,4.889604,2.287532,3.640301
147,5.070370,2.332302,3.630539
148,5.224174,2.443014,3.631631
149,5.359798,2.586716,3.637466
150,5.454360,2.747349,3.643532
151,5.510719,2.923622,3.643717
152,5.599546,3.086378,3.635874
153,5.704869,3.242498,3.629783
154,5.756042,3.421205,3.627909
155,5.787808,3.607927,3.628385
156,5.846649,3.783327,3.628833
157,5.902667,3.959692,3.623557
158,5.968853,4.131786,3.619198
159,6.063646,4.283519,3.622193
160,6.103101,4.429340,3.623627
161,6.068449,4.594267,3.619572
162,6.043966,4.783968,3.616904
163,6.043966,4.983860,3.618254
164,6.047663,5.182244,3.619293
165,6.090389,5.364466,3.619385
166,6.195724,5.520675,3.618559
167,6.292997,5.679654,3.612905
168,6.323966,5.864642,3.610362
169,6.323966,6.061723,3.614294
170,6.323966,6.259527,3.613259
171,6.323966,6.457942,3.612875
172,6.340556,6.650117,3.617066
173,6.392145,6.828323,3.616799
174,6.445556,7.005808,3.615701
175,6.477238,7.192447,3.617704
176,6.525510,7.372373,3.619617
177,6.582238,7.548726,3.621747
178,6.603966,7.739455,3.625731
179,6.624509,7.930695,3.628622
180,6.680052,8.107304,3.625670
181,6.729509,8.286195,3.620323
182,6.761034,8.472620,3.621014
183,6.813102,8.650129,3.621866
184,6.866034,8.826342,3.617914
185,6.897011,9.011872,3.619164
186,6.945057,9.191343,3.623702
187,7.002011,9.367561,3.624306
188,7.033641,9.554136,3.624401
189,7.088100,9.730807,3.620606
190,7.193211,9.886374,3.612899
191,7.299436,10.041923,3.613181
192,7.380335,10.208202,3.620036
193,7.436502,10.384748,3.625119
194,7.492668,10.561397,3.627608
195,7.555817,10.735182,3.627838
196,7.583966,10.923389,3.627564
197,7.583966,11.123080,3.625951
198,7.583966,11.322708,3.622685
199,7.583966,11.522202,3.620958
200,7.583966,11.721233,3.621007
201,7.552896,11.907088,3.616869
202,7.455486,12.065595,3.608370
203,7.308465,12.183307,3.609509
204,7.147179,12.274594,3.614892
205,6.996138,12.390634,3.615447
206,6.852178,12.524126,3.616791
207,6.690955,12.614994,3.612987
208,6.505431,12.646099,3.610606
209,6.322503,12.684393,3.620773
210,6.151162,12.751099,3.624890
211,5.965611,12.782806,3.613001
212,5.766866,12.782806,3.608019
213,5.567775,12.782806,3.615787
214,5.381034,12.813853,3.617632
215,5.221698,12.911114,3.617242
216,5.099622,13.011135,3.667565
217,5.030022,13.041158,3.779415
218,5.000000,13.032523,3.883702
